Keyword,Category,Sub.Category,Supplies.Product.Family,Instant.Ink.Compatible,Language,Translation,Who Added/Updated
950951,Ink Supplies Product,,950/951,Not Applicable,Multi,,Caroline
* new * hp photosmart 6520 e all in one wifi photo printer hp 364 xl inks 299 printers,Ink Supplies Product,Selectability,564/364/178/862,N/A,English,N/A,DavidM
¿cuál es el tóner,Unbranded Toner,,Not Applicable,Not Applicable,Spanish,What is the toner,Amy
02 black ink hp,Ink Supplies Product,Selectability,02/363/177/801,Not Applicable,English 1,,Amy
02 cartridge,Ink Supplies Product,Selectability,02/363/177/801,Not Applicable,Multi,,Amy
02 combo ink,Ink Supplies Product,Selectability,02/363/177/801,Not Applicable,English 1,,Amy
02 hp,Ink Supplies Product,Selectability,02/363/177/801,Not Applicable,Multi,,Amy
02 hp black ink,Ink Supplies Product,Selectability,02/363/177/801,Not Applicable,English 1,,Amy
02 hp cartridges,Ink Supplies Product,Selectability,02/363/177/801,Not Applicable,Multi,,Amy
02 hp cyan ink,Ink Supplies Product,Selectability,02/363/177/801,Not Applicable,English 1,,Amy
02 hp encre,Ink Supplies Product,Selectability,02/363/177/801,Not Applicable,French,hp 02 ink,Amy
02 hp ink,Ink Supplies Product,Selectability,02/363/177/801,Not Applicable,English 1,,Amy
02 hp ink cartridge,Ink Supplies Product,Selectability,02/363/177/801,Not Applicable,English 1,,Amy
02 hp ink cartridges,Ink Supplies Product,Selectability,02/363/177/801,Not Applicable,English 1,,Amy
02 hp inks,Ink Supplies Product,Selectability,02/363/177/801,Not Applicable,English 1,,Amy
02 hp inkt,Ink Supplies Product,Selectability,02/363/177/801,Not Applicable,Dutch,02 hp ink,Amy
02 hp magenta ink,Ink Supplies Product,Selectability,02/363/177/801,Not Applicable,English 1,,Amy
02 hp print cartridge,Ink Supplies Product,Selectability,02/363/177/801,Not Applicable,English 1,,Amy
02 hp print cartridges,Ink Supplies Product,Selectability,02/363/177/801,Not Applicable,English 1,,Amy
02 hp printer cartridge,Ink Supplies Product,Selectability,02/363/177/801,Not Applicable,English 1,,Amy
02 hp printer cartridges,Ink Supplies Product,Selectability,02/363/177/801,Not Applicable,English 1,,Amy
02 hp printer ink,Ink Supplies Product,Selectability,02/363/177/801,Not Applicable,English 1,,Amy
02 hp printer inks,Ink Supplies Product,Selectability,02/363/177/801,Not Applicable,English 1,,Amy
02 ink,Ink Supplies Product,Selectability,02/363/177/801,Not Applicable,English 1,,Amy
02 ink cartridge,Ink Supplies Product,Selectability,02/363/177/801,Not Applicable,English 1,,Amy
02 ink cartridge combo,Ink Supplies Product,Selectability,02/363/177/801,Not Applicable,English 1,,Amy
02 ink cartridge hp,Ink Supplies Product,Selectability,02/363/177/801,Not Applicable,English 1,,Amy
02 ink cartridges,Ink Supplies Product,Selectability,02/363/177/801,Not Applicable,English 1,,Amy
02 ink cartridges hp,Ink Supplies Product,Selectability,02/363/177/801,Not Applicable,English 1,,Amy
02 ink hp,Ink Supplies Product,Selectability,02/363/177/801,Not Applicable,English 1,,Amy
02 inks,Ink Supplies Product,Selectability,02/363/177/801,Not Applicable,English 1,,Amy
02 inks hp,Ink Supplies Product,Selectability,02/363/177/801,Not Applicable,English 1,,Amy
02 photo value,Ink Supplies Product,Selectability,02/363/177/801,Not Applicable,Multi,,Amy
02 photo value pack,Ink Supplies Product,Selectability,02/363/177/801,Not Applicable,Multi,,Avinash
02 printer cartridges hp,Ink Supplies Product,Selectability,02/363/177/801,Not Applicable,English 1,,Amy
02 printer ink hp,Ink Supplies Product,Selectability,02/363/177/801,Not Applicable,English 1,,Avinash
02 twin pack,Ink Supplies Product,Selectability,02/363/177/801,Not Applicable,Multi,,Amy
02 value pack,Ink Supplies Product,Selectability,02/363/177/801,Not Applicable,Multi,,Amy
02 xl,Ink Supplies Product,Selectability,02/363/177/801,Not Applicable,Multi,,Amy
02 xl hp ink,Ink Supplies Product,Selectability,02/363/177/801,Not Applicable,English 1,,Amy
02 xl hp ink cartridges,Ink Supplies Product,Selectability,02/363/177/801,Not Applicable,English 1,,Amy
02 xl ink,Ink Supplies Product,Selectability,02/363/177/801,Not Applicable,English 1,,Amy
02 xl ink cartridge,Ink Supplies Product,Selectability,02/363/177/801,Not Applicable,English 1,,Amy
02 xl ink cartridges,Ink Supplies Product,Selectability,02/363/177/801,Not Applicable,English 1,,Amy
02 xl ink cartridges hp,Ink Supplies Product,Selectability,02/363/177/801,Not Applicable,English 1,,Amy
02xl,Ink Supplies Product,Selectability,02/363/177/801,Not Applicable,Multi,,Amy
02xl cartridge,Ink Supplies Product,Selectability,02/363/177/801,Not Applicable,Multi,,Amy
02xl hp,Ink Supplies Product,Selectability,02/363/177/801,Not Applicable,Multi,,Amy
02xl hp ink,Ink Supplies Product,Selectability,02/363/177/801,Not Applicable,English 1,,Amy
02xl hp ink cartridge,Ink Supplies Product,Selectability,02/363/177/801,Not Applicable,English 1,,Amy
02xl hp ink cartridges,Ink Supplies Product,Selectability,02/363/177/801,Not Applicable,English 1,,Amy
02xl hp inkt,Ink Supplies Product,Selectability,02/363/177/801,Not Applicable,Dutch,Hp 02xl ink,Amy
02xl ink,Ink Supplies Product,Selectability,02/363/177/801,Not Applicable,English 1,,Amy
02xl ink cartridge,Ink Supplies Product,Selectability,02/363/177/801,Not Applicable,English 1,,Amy
02xl ink cartridges,Ink Supplies Product,Selectability,02/363/177/801,Not Applicable,English 1,,Amy
02xl ink cartridges hp,Ink Supplies Product,Selectability,02/363/177/801,Not Applicable,English 1,,Amy
03 toner,Toner Supplies Product,Selectability,03a/x,Not Applicable,Multi,,Amy
03A,Toner Supplies Product,Selectability,03a/x,Not Applicable,Multi,,Amy
03a cartridge,Toner Supplies Product,Selectability,03a/x,Not Applicable,Multi,,Amy
03a printer cartridge,Toner Supplies Product,Selectability,03a/x,Not Applicable,English 1,,Amy
03a printer cartridges,Toner Supplies Product,Selectability,03a/x,Not Applicable,English 1,,Amy
03a toner,Toner Supplies Product,Selectability,03a/x,Not Applicable,Multi,,Amy
05 toner,Toner Supplies Product,Selectability,05a/x,Not Applicable,Multi,,Amy
05a,Toner Supplies Product,Selectability,05a/x,Not Applicable,Multi,,Amy
05A black toner,Toner Supplies Product,,,Not Applicable,English 1,,Avinash
05A cartouche,Toner Supplies Product,Selectability,05a/x,Not Applicable,Multi,05A cartridge,Avinash
05a cartridge,Toner Supplies Product,Selectability,05a/x,Not Applicable,Multi,,Amy
05a cartridge hp,Toner Supplies Product,Selectability,05a/x,Not Applicable,English,,Avinash
05A cartridge price,Branded Cost Conscious Toner,Selectability,05a/x,Not Applicable,English 1,,Avinash
05a cartridges,Toner Supplies Product,Selectability,05a/x,Not Applicable,Multi,,Amy
05a hp,Toner Supplies Product,Selectability,05a/x,Not Applicable,Multi,,Amy
05a hp toner,Toner Supplies Product,,,Not Applicable,Multi,,Paul
05a laser ink,Toner Supplies Product,Selectability,05a/x,Not Applicable,English 1,,Amy
05A laser toner,Toner Supplies Product,Selectability,05a/x,Not applicable,French,05A laser toner hp,Avinash
05A laser toner hp,Toner Supplies Product,Selectability,05a/x,Not applicable,French,05A laser toner hp,Amy
05a print cartridge,Toner Supplies Product,Selectability,05a/x,Not Applicable,English 1,,Amy
05a print cartridges,Toner Supplies Product,Selectability,05a/x,Not Applicable,English 1,,Amy
05a printer cartridge,Toner Supplies Product,Selectability,05a/x,Not Applicable,English 1,,Amy
05a printer cartridges,Toner Supplies Product,Selectability,05a/x,Not Applicable,English 1,,Avinash
05a toner,Toner Supplies Product,Selectability,05a/x,Not Applicable,Multi,,Amy
05a toner cartridge,Toner Supplies Product,Selectability,05a/x,,English,05a toner cartridge,DavidM
05a toner hp,Toner Supplies Product,Selectability,05a/x,Not Applicable,Spanish,Toner hp 05a,Amy
05A toner hp laser,Toner Supplies Product,Selectability,05a/x,Not applicable,French,05A toner hp laser,Amy
05A toner originale nero laserjet,Toner Supplies Product,Selectability,05a/x,Not Applicable,French,hp 05a toner,Amy
05A toner price,Branded Cost Conscious Toner,Selectability,05a/x,Not Applicable,English 1,,Avinash
05A toner refill,Branded Cost Conscious Toner,Selectability,05a/x,Not Applicable,Multi,,Avinash
05x,Toner Supplies Product,Selectability,05a/x,Not Applicable,Multi,,Amy
05X cartouche,Toner Supplies Product,Selectability,05a/x,Not Applicable,French,05X cartridge,Avinash
05x cartridge,Toner Supplies Product,Selectability,05a/x,Not Applicable,Multi,,Amy
05x cartridges,Toner Supplies Product,Selectability,05a/x,Not Applicable,Multi,,Amy
05x hp,Toner Supplies Product,Selectability,05a/x,Not applicable,Multi,05x hp,Amy
05x hp laser toner,Toner Supplies Product,Selectability,05a/x,Not applicable,Multi,05x hp laser toner,Amy
05x laser ink,Toner Supplies Product,Selectability,05a/x,Not Applicable,English 1,,Amy
05x laser toner hp,Toner Supplies Product,Selectability,05a/x,Not applicable,Multi,05x laser toner hp,Amy
05x printer cartridge,Toner Supplies Product,Selectability,05a/x,Not Applicable,English 1,,Amy
05x toner,Toner Supplies Product,Selectability,05a/x,Not Applicable,Multi,,Amy
05x toner hp,Toner Supplies Product,Selectability,05a/x,Not applicable,Multi,05x toner hp,Amy
05x toner hp laser,Toner Supplies Product,Selectability,05a/x,Not applicable,Multi,05x toner hp laser,Amy
05xhp,Toner Supplies Product,Selectability,05a/x,Not applicable,Multi,05xhp,Amy